label,wordsPerMinute,attention,browFurrow,browRaise,cheekRaise,chinRaise,dimpler,eyeClosure,eyeWiden,innerBrowRaise,jawDrop,lidTighten,lipCornerDepressor,lipPress,lipPucker,lipSuck,mouthOpen,noseWrinkle,smile,smirk,upperLipRaise,active_socialNetwork,active_shopping,active_entertainment,active_general,active_work,active_other,open_socialNetwork,open_shopping,open_entertainment,open_general,open_work
1,10,95.36665344,1.08E-05,0.539424717,0.000126115,7.977440357,0.249155313,8.42E-14,3.203435659,14.65341759,1.431372643,0.006904232,0.180751786,0.002117945,1.646356463,0.215364456,0.856147528,0.00248378,1.35E-08,0.093489625,6.07E-06,0,0,0,0,0,1,0,0,0,0,3
1,10,98.52802277,3.76E-06,2.209500074,0.001340995,0.000873053,0.000818808,3.93E-11,0.007767702,0.858749449,0.331397504,0.003089328,0.110343702,0.012457066,0.140169978,0.003818262,2.622304201,0.001289824,5.89E-10,0.000354811,9.10E-06,0,0,0,0,1,0,0,0,0,0,3
1,10,98.52802277,3.76E-06,2.209500074,0.001340995,0.000873053,0.000818808,3.93E-11,0.007767702,0.858749449,0.331397504,0.003089328,0.110343702,0.012457066,0.140169978,0.003818262,2.622304201,0.001289824,5.89E-10,0.000354811,9.10E-06,0,0,0,0,1,0,0,0,0,0,3
1,10,81.70350647,1.45E-05,0.66197753,5.91E-05,0.000292803,0.000193341,5.30E-10,0.053429831,0.053727768,0.391658485,0.003595732,0.002143636,0.011238028,0.255512595,0.01178558,0.416013598,0.008193323,1.35E-09,5.31E-05,5.31E-07,0,0,0,0,1,0,0,0,0,0,3
1,10,93.04426575,2.92E-06,0.341975152,3.91E-05,0.002045667,0.115864635,3.61E-10,0.313704342,0.032174286,0.057440635,0.001109168,4.42E-05,0.019809598,0.002595602,0.016523724,0.158800215,0.000102653,8.89E-09,0.00411356,4.57E-07,0,0,0,0,1,0,0,0,0,0,3
1,10,94.51198578,1.19E-06,1.371661544,0.002369283,0.005895507,0.002126823,0.049362499,0.171861783,0.027995862,0.316723883,0.00268285,0.025682839,0.013118182,0.002168946,0.986575067,0.008970423,0.001772146,1.45E-09,0.000366953,2.01E-07,0,0,0,0,1,0,0,0,0,0,3
1,10,94.51198578,1.19E-06,1.371661544,0.002369283,0.005895507,0.002126823,0.049362499,0.171861783,0.027995862,0.316723883,0.00268285,0.025682839,0.013118182,0.002168946,0.986575067,0.008970423,0.001772146,1.45E-09,0.000366953,2.01E-07,0,0,0,0,1,0,0,0,0,0,3
1,10,98.66863251,6.74E-05,0.02083079,0.001948905,93.22132111,99.99710083,4.72E-11,4.523552418,2.520972967,8.91E-05,0.09109991,3.618713856,98.90127563,0.000127027,99.99989319,1.66E-07,0.000176753,4.29E-07,2.122280836,2.92E-10,0,0,0,0,1,0,0,0,0,0,3
1,10,98.50284576,4.92E-05,0.218774557,0.000515862,67.40910339,99.9936676,3.67E-11,14.6411953,6.680529594,0.000612435,0.09603703,0.007267102,99.93022919,3.62E-05,99.99998474,2.72E-05,8.56E-05,1.77E-05,4.340961933,4.93E-10,0,0,0,0,1,0,0,0,0,0,3
1,10,91.17811584,5.78E-05,0.609998465,2.71E-05,12.23534012,99.36063385,1.84E-08,0.701802015,0.059343264,0.018280601,0.010083441,0.000639646,50.84830475,0.000131171,99.99906921,9.61E-05,3.24E-05,2.62E-06,0.053603344,3.34E-09,0,0,0,0,1,0,0,0,0,0,3
1,13,92.21664429,6.09E-05,0.420068145,0.001567513,0.672265768,89.30241394,3.89E-07,2.087318659,0.031249514,0.065463074,0.007119401,0.000791882,53.66485596,0.000126691,99.98838806,0.001038702,0.000209922,1.16E-05,0.070153281,2.17E-10,0,0,0,0,1,0,0,0,0,0,3
1,13,92.21664429,6.09E-05,0.420068145,0.001567513,0.672265768,89.30241394,3.89E-07,2.087318659,0.031249514,0.065463074,0.007119401,0.000791882,53.66485596,0.000126691,99.98838806,0.001038702,0.000209922,1.16E-05,0.070153281,2.17E-10,0,0,0,0,1,0,0,0,0,0,3
1,13,96.40080261,1.11E-05,1.581000566,8.40E-05,0.000703144,0.000176248,1.75E-08,0.168421686,0.051509723,0.223655015,0.001658834,0.010540222,0.003217386,2.029524565,0.045476004,0.224613354,0.00089782,2.05E-08,0.007963754,9.79E-10,0,0,0,0,1,0,0,0,0,0,3
1,13,96.02482605,4.43E-06,0.880530179,0.000274528,0.001078039,2.41E-05,2.15E-07,0.298949152,0.017406436,2.264770508,0.002340998,0.003011593,0.000201146,7.993002892,0.002535948,0.342794359,0.003076976,3.90E-09,0.006114316,3.98E-08,0,0,0,0,1,0,0,0,0,0,3
1,13,96.02482605,4.43E-06,0.880530179,0.000274528,0.001078039,2.41E-05,2.15E-07,0.298949152,0.017406436,2.264770508,0.002340998,0.003011593,0.000201146,7.993002892,0.002535948,0.342794359,0.003076976,3.90E-09,0.006114316,3.98E-08,0,0,0,0,1,0,0,0,0,0,3
1,13,98.06719208,3.87E-05,14.17243958,0.000172792,0.017720802,0.000381526,7.10E-09,0.03679198,1.327681661,1.089075446,0.001947993,0.471100122,0.152578205,9.251783371,0.001167136,1.714734316,0.002711341,6.60E-09,0.000360147,1.19E-05,0,0,0,0,1,0,0,0,0,0,3
1,13,98.06719208,3.87E-05,14.17243958,0.000172792,0.017720802,0.000381526,7.10E-09,0.03679198,1.327681661,1.089075446,0.001947993,0.471100122,0.152578205,9.251783371,0.001167136,1.714734316,0.002711341,6.60E-09,0.000360147,1.19E-05,0,0,0,0,1,0,0,0,0,0,3
1,13,95.84036255,1.65E-05,0.458225667,0.007248166,0.002167682,0.000919333,24.00492668,0.02106905,0.003393529,2.192871571,0.003899193,0.000722547,0.003156257,33.25478363,0.00126886,1.433136463,0.008746488,1.88E-08,0.000151011,2.02E-06,0,0,0,0,1,0,0,0,0,0,3
1,13,96.12975311,4.59E-06,1.182226419,0.000277802,0.000209595,0.000352301,2.09E-09,0.032152481,0.099406824,0.199290618,0.00187579,0.857502401,0.051741719,0.370050639,0.027488705,1.295258641,0.002328143,8.33E-09,0.001980205,9.55E-10,0,0,0,0,1,0,0,0,0,0,3
1,13,94.1402359,9.32E-06,0.467318654,0.000244349,0.000523699,0.006274346,3.36E-09,1.531091928,0.059749682,0.047608297,0.003515473,0.001558361,0.014174197,0.027778745,0.126330853,0.028266236,0.00071005,4.59E-08,0.00155615,1.00E-09,0,0,0,0,1,0,0,0,0,0,3
1,13,93.52084351,8.66E-05,0.913503408,0.002059871,0.000304388,0.002951172,5.07E-07,1.020806789,0.142427504,0.134476691,0.016357306,0.082627729,0.050136849,0.078002401,0.025024544,0.732327461,0.010347432,1.99E-08,0.00241548,3.39E-10,0,0,0,0,1,0,0,0,0,0,3
1,13,93.52084351,8.66E-05,0.913503408,0.002059871,0.000304388,0.002951172,5.07E-07,1.020806789,0.142427504,0.134476691,0.016357306,0.082627729,0.050136849,0.078002401,0.025024544,0.732327461,0.010347432,1.99E-08,0.00241548,3.39E-10,0,0,0,0,1,0,0,0,0,0,3
1,13,93.52084351,8.66E-05,0.913503408,0.002059871,0.000304388,0.002951172,5.07E-07,1.020806789,0.142427504,0.134476691,0.016357306,0.082627729,0.050136849,0.078002401,0.025024544,0.732327461,0.010347432,1.99E-08,0.00241548,3.39E-10,0,0,0,0,1,0,0,0,0,0,3
1,16.875,95.43954468,8.36E-06,1.089888334,0.000461301,0.000250943,0.00023483,1.73E-07,0.908284843,0.068737276,0.068680741,0.009004876,0.113648236,0.005353129,0.627919674,0.003910081,1.159458518,0.010394367,3.69E-09,0.000178638,7.74E-09,0,0,0,0,1,0,0,0,0,0,3
1,16.875,94.820755,7.32E-05,0.567256987,0.004091654,0.001589111,0.002291114,1.06E-05,0.669589162,0.043763842,0.192934528,0.013748555,0.011960977,0.027916331,0.304350317,0.007867604,0.081565246,0.02679134,6.53E-09,0.000414341,3.57E-09,0,0,0,0,1,0,0,0,0,0,3
1,16.875,94.820755,7.32E-05,0.567256987,0.004091654,0.001589111,0.002291114,1.06E-05,0.669589162,0.043763842,0.192934528,0.013748555,0.011960977,0.027916331,0.304350317,0.007867604,0.081565246,0.02679134,6.53E-09,0.000414341,3.57E-09,0,0,0,0,1,0,0,0,0,0,3
1,16.875,94.820755,7.32E-05,0.567256987,0.004091654,0.001589111,0.002291114,1.06E-05,0.669589162,0.043763842,0.192934528,0.013748555,0.011960977,0.027916331,0.304350317,0.007867604,0.081565246,0.02679134,6.53E-09,0.000414341,3.57E-09,0,0,0,0,1,0,0,0,0,0,3
1,16.875,97.5555191,9.56E-05,3.501600504,0.003211114,0.352946073,0.456448883,3.95E-07,0.311781853,0.528002918,1.120387077,0.018182125,11.00466442,0.892201543,9.509925842,0.72653091,0.869188845,0.023534173,2.37E-07,0.001332536,1.44E-08,0,0,0,0,1,0,0,0,0,0,3
1,16.875,95.84299469,0.000102516,1.845802784,0.006845596,0.007694436,0.085359938,2.81E-06,0.067866698,0.528169215,0.68738389,0.02873813,6.84337616,0.198000222,0.544550836,0.038492199,0.245483845,0.017116876,1.47E-08,0.000612875,1.09E-08,0,0,0,0,1,0,0,0,0,0,3
1,16.875,93.72805786,3.28E-06,0.748203576,1.89E-05,0.000197956,0.001201542,6.54E-09,0.500181437,0.010268591,0.256854117,0.001594965,0.001393354,0.008683493,0.859507382,0.008671263,0.043746844,0.005877874,7.67E-10,3.66E-05,4.38E-08,0,0,0,0,1,0,0,0,0,0,3
1,16.875,92.50771332,1.54E-06,0.160446361,0.000135526,0.007880992,0.063111566,3.82E-09,0.082850218,0.014320797,0.731364429,0.000822592,0.000214216,0.004532096,0.072459437,0.008360033,0.024297211,0.000252623,7.79E-10,0.000382071,6.25E-06,0,0,0,0,1,0,0,0,0,0,3
1,16.875,85.77895355,2.76E-05,1.235645175,0.000204584,0.000689799,0.015778432,1.00E-07,3.89819479,0.405786127,0.081145138,0.01671415,0.813489497,7.879971504,0.169601083,0.080273621,0.201740414,0.263991594,1.69E-10,0.002405162,3.14E-07,0,0,0,0,1,0,0,0,0,0,3
1,16.875,85.77895355,2.76E-05,1.235645175,0.000204584,0.000689799,0.015778432,1.00E-07,3.89819479,0.405786127,0.081145138,0.01671415,0.813489497,7.879971504,0.169601083,0.080273621,0.201740414,0.263991594,1.69E-10,0.002405162,3.14E-07,0,0,0,0,1,0,0,0,0,0,3
1,16.875,96.90139008,98.62937927,0.002638314,4.321626186,0.000118323,1.521203995,0.234950259,0.006783478,0.007577798,0.003404988,79.06808472,0.000756916,0.626962364,0.00439907,0.004035446,0.173262954,0.183849812,1.59E-07,0.001244619,1.10E-08,0,0,0,0,1,0,0,0,0,0,3
1,16.875,96.90139008,98.62937927,0.002638314,4.321626186,0.000118323,1.521203995,0.234950259,0.006783478,0.007577798,0.003404988,79.06808472,0.000756916,0.626962364,0.00439907,0.004035446,0.173262954,0.183849812,1.59E-07,0.001244619,1.10E-08,0,0,0,0,1,0,0,0,0,0,3
1,16.875,98.3524704,0.000661093,0.714810073,0.000310442,0.001487098,0.01247692,5.55E-09,0.006219024,0.210402161,0.35657689,0.023635633,0.243119612,0.038683798,0.081254467,0.006492531,0.083108388,0.018146966,1.86E-09,7.39E-05,4.15E-08,0,0,0,0,1,0,0,0,0,0,3
1,7.619047619,95.36514282,0.000649207,0.543761134,0.001271044,0.000680198,0.001505573,4.24E-08,1.629209757,0.048737906,0.085844368,0.051033355,0.202335656,0.024958685,0.010166047,0.024484904,0.01652527,0.06418255,1.08E-10,0.000175341,6.15E-08,0,0,0,0,1,0,0,0,0,0,3
1,7.619047619,95.36514282,0.000649207,0.543761134,0.001271044,0.000680198,0.001505573,4.24E-08,1.629209757,0.048737906,0.085844368,0.051033355,0.202335656,0.024958685,0.010166047,0.024484904,0.01652527,0.06418255,1.08E-10,0.000175341,6.15E-08,0,0,0,0,1,0,0,0,0,0,3
1,7.619047619,96.30123901,1.01E-06,1.658465385,4.69E-06,0.004136841,0.002944807,3.54E-11,0.005476343,0.661733627,0.153686762,0.000717386,0.222551107,0.027022913,0.78229028,0.410740644,0.02731091,0.001218999,1.55E-10,5.81E-05,1.15E-07,0,0,0,0,1,0,0,0,0,0,3
1,7.619047619,98.08036804,5.67E-06,69.39995575,2.38E-05,25.63537979,0.039733808,7.62E-16,12.33403492,92.43643951,1.956067204,0.005768982,26.45659065,0.057793997,5.981919765,0.146593273,0.037372436,0.00029551,7.48E-08,0.004292599,1.96E-05,0,0,0,0,1,0,0,0,0,0,3
1,7.619047619,98.08036804,5.67E-06,69.39995575,2.38E-05,25.63537979,0.039733808,7.62E-16,12.33403492,92.43643951,1.956067204,0.005768982,26.45659065,0.057793997,5.981919765,0.146593273,0.037372436,0.00029551,7.48E-08,0.004292599,1.96E-05,0,0,0,0,1,0,0,0,0,0,3
1,7.619047619,94.08589172,0.007697578,0.228768677,0.743848801,0.000362152,0.001669309,88.09529114,0.009292228,0.020242723,0.092628375,0.428557634,0.004525769,0.083673112,0.076729424,0.000958371,0.135506868,0.144853204,6.81E-08,5.81E-05,4.37E-08,0,0,0,0,1,0,0,0,0,0,3
1,7.619047619,98.51538849,2.08E-06,32.5759964,0.005749858,0.001810863,0.018908985,1.35E-08,0.400160074,0.256701946,0.118016288,0.005938072,0.054221239,0.085874021,0.011040864,0.038136028,0.062113233,0.001535086,3.81E-08,0.001386598,1.74E-08,0,0,0,0,1,0,0,0,0,0,3
1,7.619047619,97.87805176,5.86E-05,13.78210449,0.00080381,0.017623356,0.004582037,6.63E-07,1.704990506,0.149202585,0.434172243,0.025940102,0.579689562,0.033854768,0.030319156,0.009738063,0.078654423,0.014879094,9.61E-09,0.000222046,7.96E-08,0,0,0,0,1,0,0,0,0,0,3
1,7.619047619,97.87805176,5.86E-05,13.78210449,0.00080381,0.017623356,0.004582037,6.63E-07,1.704990506,0.149202585,0.434172243,0.025940102,0.579689562,0.033854768,0.030319156,0.009738063,0.078654423,0.014879094,9.61E-09,0.000222046,7.96E-08,0,0,0,0,1,0,0,0,0,0,3
1,7.619047619,97.92136383,3.00E-06,5.448546886,0.000286409,0.000733254,0.000209538,9.06E-10,0.636852622,0.075321287,5.177834034,0.003246843,0.3820934,0.002689138,0.004241737,0.000814452,0.25132966,0.005764132,2.26E-08,0.00086277,1.50E-08,0,0,0,0,1,0,0,0,0,0,3
1,7.619047619,98.12281799,3.24E-05,5.809926987,9.48E-05,0.007567897,0.000138221,4.36E-08,0.164482683,0.257131308,2.025344133,0.00936103,5.797768593,0.00283298,0.004051379,0.000216849,0.025838675,0.010198282,1.95E-09,0.000492036,1.30E-08,0,0,0,0,1,0,0,0,0,0,3
1,7.619047619,97.67087555,1.93E-05,18.90932083,0.000158294,5.110663891,0.100367121,1.20E-10,0.010465699,5.577002048,0.558935225,0.004665433,16.28183174,0.010133188,0.325026631,0.038165301,0.010031087,0.001742445,2.60E-08,9.99E-05,9.30E-08,0,0,0,0,1,0,0,0,0,0,3
1,17,97.67087555,1.93E-05,18.90932083,0.000158294,5.110663891,0.100367121,1.20E-10,0.010465699,5.577002048,0.558935225,0.004665433,16.28183174,0.010133188,0.325026631,0.038165301,0.010031087,0.001742445,2.60E-08,9.99E-05,9.30E-08,0,0,0,0,1,0,0,0,0,0,3
1,17,95.99455261,9.94E-05,0.844651818,0.000787355,0.008998842,0.000382729,2.75E-07,0.116862319,0.140072167,0.298439205,0.014291918,5.437914848,0.004508895,0.033599835,0.000292171,0.037767988,0.032511394,1.94E-09,0.000153832,2.26E-08,0,0,0,0,1,0,0,0,0,0,3
1,17,95.99455261,9.94E-05,0.844651818,0.000787355,0.008998842,0.000382729,2.75E-07,0.116862319,0.140072167,0.298439205,0.014291918,5.437914848,0.004508895,0.033599835,0.000292171,0.037767988,0.032511394,1.94E-09,0.000153832,2.26E-08,0,0,0,0,1,0,0,0,0,0,3
1,17,95.59942627,4.69E-05,0.19541432,0.009271534,3.02E-06,0.000910202,1.46E-07,1.310276031,0.049433555,0.189850703,0.020054225,0.005175783,0.031484682,0.033597831,0.000104996,1.472503662,0.010333224,7.32E-09,0.000240914,1.78E-09,0,0,0,0,1,0,0,0,0,0,3
1,17,93.42230988,8.03E-05,0.460872144,0.01854567,0.000630865,0.004978133,5.46E-06,0.452866405,0.041958854,0.474424303,0.029881246,0.029709047,0.021406811,0.088402666,0.002727885,0.560229838,0.061439879,5.24E-09,8.98E-05,8.36E-09,0,0,0,0,1,0,0,0,0,0,3
1,17,96.02185059,0.000203984,0.212882802,0.006791711,0.005015228,0.005666569,1.87E-06,0.214424893,0.088492125,0.48747772,0.039313234,0.057797361,0.049153164,0.058839761,0.002989317,0.395824522,0.036433432,9.49E-09,0.000231644,3.45E-09,0,0,0,0,1,0,0,0,0,0,3
1,17,95.98600769,0.000126822,1.107294798,0.005705871,0.048986524,0.007092059,3.03E-06,0.574188054,0.183385238,0.176009357,0.043712623,0.072954431,0.005420799,0.205690756,0.011219558,0.365375757,0.030361332,1.14E-08,0.000231086,3.23E-09,0,0,0,0,1,0,0,0,0,0,3
1,17,95.98600769,0.000126822,1.107294798,0.005705871,0.048986524,0.007092059,3.03E-06,0.574188054,0.183385238,0.176009357,0.043712623,0.072954431,0.005420799,0.205690756,0.011219558,0.365375757,0.030361332,1.14E-08,0.000231086,3.23E-09,0,0,0,0,1,0,0,0,0,0,3
1,17,96.30036926,0.000110102,0.739365041,0.000693335,0.024470318,0.000335335,9.20E-06,0.01506204,0.205676183,48.82084274,0.021566998,0.028972493,8.72E-05,0.846465945,0.009366181,25.75867844,0.045627829,1.76E-08,0.000433348,6.97E-07,0,0,0,0,1,0,0,0,0,0,3
1,17,97.82093811,1.83849442,0.451011151,0.013742238,45.76373291,10.23155689,99.99488831,0.000248591,0.558974743,0.08915811,1.996805549,0.029487364,0.012330742,10.05726719,0.00155227,0.025804996,0.035301816,3.17E-09,0.041465513,0.000151765,0,0,0,0,1,0,0,0,0,0,3
1,17,96.52047729,46.05634308,0.067913674,0.067873456,51.33926392,0.40689531,99.90701294,1.10E-05,1.563826799,46.38504791,7.041106224,0.010781552,0.002046346,28.36642838,0.003662396,0.363111854,0.10237547,9.18E-08,0.000341229,0.000188139,0,0,0,0,1,0,0,0,0,0,3
1,17,97.90960693,0.000120813,0.553887963,4.36E-05,0.000716426,0.00316259,3.76E-06,0.009830271,0.043717623,0.053317118,0.021716019,0.014334076,0.150979817,0.077236898,0.001081479,0.0390996,0.007023793,1.19E-08,0.000359549,1.66E-09,0,0,0,0,1,0,0,0,0,0,3
1,22,97.6623764,3.08E-05,0.743978262,3.11E-05,0.000424155,0.001479393,7.47E-08,0.009329554,0.031718325,0.105719991,0.004339524,0.003572671,0.018530311,0.016792681,0.00242677,0.114262313,0.007140288,2.15E-08,0.000158238,3.44E-09,0,0,0,0,1,0,0,0,0,0,3
1,22,96.94363403,1.72E-05,0.562879145,8.85E-05,0.003081013,0.000923025,98.89920044,0.043147065,0.029455472,0.446883589,0.001905625,0.009840709,0.128742069,0.018075211,0.000439144,0.147579268,0.009933927,5.10E-08,0.000168485,1.30E-08,0,0,0,0,1,0,0,0,0,0,3
1,22,95.98957825,80.82819366,0.009155422,2.793419361,0.001706117,0.002828825,0.547301888,0.006243994,0.016475819,0.240911245,46.07234955,0.000439163,0.026178142,0.053976435,0.002758463,0.133992091,0.414202452,5.14E-08,7.28E-05,1.61E-09,0,0,0,0,1,0,0,0,0,0,3
1,22,95.98957825,80.82819366,0.009155422,2.793419361,0.001706117,0.002828825,0.547301888,0.006243994,0.016475819,0.240911245,46.07234955,0.000439163,0.026178142,0.053976435,0.002758463,0.133992091,0.414202452,5.14E-08,7.28E-05,1.61E-09,0,0,0,0,1,0,0,0,0,0,3
1,22,94.38721466,0.002000293,0.632893741,0.083210677,0.155632779,0.001515862,0.066781513,0.236951679,0.038852718,0.920293748,0.172325864,0.025782198,0.003960726,0.339696407,0.122858413,0.12911655,0.164435551,1.77E-08,6.85E-05,1.29E-08,0,0,0,0,1,0,0,0,0,0,3
1,22,97.6749649,0.00126696,2.251580238,0.016826693,98.72048187,1.997944117,3.31E-07,0.018678788,1.626505136,0.086083755,0.174897179,0.627031267,0.01189817,12.94447613,0.030406233,0.029654771,0.017739162,9.87E-09,0.015418377,2.80E-05,0,0,0,0,1,0,0,0,0,0,3
1,22,93.5251236,0.003430315,0.716036081,0.009255818,3.255354881,0.013092414,3.48E-05,0.292182535,0.310690761,0.053386226,0.268839687,0.04081824,0.001855026,0.960181296,0.097602062,0.030404,0.082897834,2.52E-09,0.000744628,9.41E-08,0,0,0,0,1,0,0,0,0,0,3
1,22,92.72035217,0.000748672,0.306543022,0.040028758,99.99715424,100,0.000339389,6.362837791,0.342522085,3.40E-05,0.327430993,0.000318558,99.99941254,0.000199702,100,5.43E-05,0.002133036,0.014049727,99.2782135,1.13E-09,0,0,0,0,1,0,0,0,0,0,3
1,22,92.72035217,0.000748672,0.306543022,0.040028758,99.99715424,100,0.000339389,6.362837791,0.342522085,3.40E-05,0.327430993,0.000318558,99.99941254,0.000199702,100,5.43E-05,0.002133036,0.014049727,99.2782135,1.13E-09,0,0,0,0,1,0,0,0,0,0,3
1,22,92.72035217,0.000748672,0.306543022,0.040028758,99.99715424,100,0.000339389,6.362837791,0.342522085,3.40E-05,0.327430993,0.000318558,99.99941254,0.000199702,100,5.43E-05,0.002133036,0.014049727,99.2782135,1.13E-09,0,0,0,0,1,0,0,0,0,0,3
1,22,96.32230377,0.000120258,0.317633003,0.000630923,0.113619387,99.67473602,2.95E-06,0.185358956,0.061523315,0.043896288,0.037989344,0.000367896,98.87232971,2.37E-05,99.99938202,0.00081338,0.001078027,0.000251555,0.072361231,6.38E-12,0,0,0,0,1,0,0,0,0,0,3
1,22,94.71356201,0.000552193,0.279052347,0.002383033,0.59380877,79.34887695,99.40731812,0.01057781,0.093874276,0.067796722,0.019924887,0.001059861,51.00595474,8.03E-05,99.99486542,0.002607819,0.003769381,0.031613145,0.255351394,1.78E-11,0,0,0,0,1,0,0,0,0,0,3
1,23,98.09841156,0.00220972,0.225047529,0.001645789,0.056488007,3.548015594,2.22E-05,0.052547589,0.105429672,0.113115229,0.123727493,0.002549333,1.738476157,0.001933553,96.70550537,0.002623414,0.001363082,0.001725219,0.332546324,1.52E-11,0,0,0,0,1,0,0,0,0,0,3
1,23,95.81778717,0.1276972,0.473358303,0.000300663,34.85797119,0.001105872,0.027894167,0.001399211,0.231000945,0.227350503,8.050580978,0.000730526,1.60E-05,0.002482665,7.42366457,0.015098161,0.003589106,0.010949721,3.524726868,3.70E-07,0,0,0,0,1,0,0,0,0,0,3
1,23,96.29270172,0.039537765,0.381455421,0.007987956,11.15054226,0.006649492,0.011772663,0.000849404,0.470500618,0.124530412,5.159826756,0.001031145,0.000210481,0.0085107,17.47180367,0.041121982,0.002713291,0.001391041,0.1067385,1.58E-06,0,0,0,0,1,0,0,0,0,0,3
1,23,96.55786896,0.000682132,1.236425757,0.001874186,25.28356361,0.077579275,1.31E-05,0.019300694,0.313743263,0.070742086,0.201449841,0.000233505,0.01325692,0.097195119,71.69411469,0.027129762,0.002377919,0.001099349,0.021049863,2.73E-07,0,0,0,0,1,0,0,0,0,0,3
1,23,95.27001953,0.004611829,0.244457364,0.016754551,0.138368994,0.067596301,0.010599487,0.014657196,0.066720158,0.030917937,1.9357512,0.000241332,0.032552395,0.002537044,51.82708359,0.005664689,0.002797178,0.000123248,0.014121337,1.01E-08,0,0,0,0,1,0,0,0,0,0,3
1,23,95.27001953,0.004611829,0.244457364,0.016754551,0.138368994,0.067596301,0.010599487,0.014657196,0.066720158,0.030917937,1.9357512,0.000241332,0.032552395,0.002537044,51.82708359,0.005664689,0.002797178,0.000123248,0.014121337,1.01E-08,0,0,0,0,1,0,0,0,0,0,3
1,23,94.60633087,0.000384407,0.357113361,0.00102221,21.15568542,2.50305748,4.79E-06,0.01605968,0.127987534,0.026909046,0.064673476,0.004174345,74.4886322,0.027610237,99.3848877,0.010095824,0.001163147,0.000984587,0.066470079,2.06E-07,0,0,0,0,1,0,0,0,0,0,3
1,23,95.77224731,0.0059103,3.157279253,0.324616879,97.85303497,94.14492035,6.79210043,0.020444999,0.122017451,0.000671367,0.800015569,2.836651802,96.87005615,0.001779076,99.99982452,1.53E-05,0.019113876,2.36E-05,0.102968946,7.18E-12,0,0,0,0,1,0,0,0,0,0,3
1,23,95.77224731,0.0059103,3.157279253,0.324616879,97.85303497,94.14492035,6.79210043,0.020444999,0.122017451,0.000671367,0.800015569,2.836651802,96.87005615,0.001779076,99.99982452,1.53E-05,0.019113876,2.36E-05,0.102968946,7.18E-12,0,0,0,0,1,0,0,0,0,0,3
1,23,95.12349701,0.000745114,0.22013697,6.87E-05,0.232989967,0.299227715,0.000230833,0.012782963,0.075422205,0.03200965,0.060010243,0.016499463,17.13832474,9.55E-05,80.79911804,0.00074429,0.001173778,8.86E-06,0.083085924,9.64E-12,0,0,0,0,1,0,0,0,0,0,3
1,23,96.06777954,0.017256662,0.363541335,0.002391277,0.121918812,2.77E-06,0.000314936,0.000518896,0.195082217,62.75872421,0.716064572,2.983924866,1.86E-05,99.47270966,2.19E-06,21.21976852,0.01196878,2.42E-08,0.001850339,9.94E-06,0,0,0,0,1,0,0,0,0,0,3
1,30,93.91835785,0.001046548,2.57111454,0.000510926,0.003619608,4.60E-07,99.8996048,0.025965143,0.476657599,64.6954422,0.053098939,2.269523382,3.08E-05,92.57826233,6.22E-06,6.623027325,0.047089845,7.70E-09,1.66E-05,1.82E-06,0,0,0,0,1,0,0,0,0,0,3
1,30,94.6149826,0.011325814,0.340901524,0.001367329,0.107408628,4.27E-05,0.000687411,0.005943845,0.072470002,24.9435997,0.261384934,0.363907874,0.000226197,80.49519348,0.000545532,2.488705635,0.252800971,1.18E-08,5.02E-05,1.62E-07,0,0,0,0,1,0,0,0,0,0,3
1,30,94.79620361,0.003297538,5.658316135,0.001575624,4.473556042,0.002080324,99.36049652,0.000680958,0.117257945,69.56143951,0.029138174,0.376055539,0.000455699,99.06170654,0.003010094,23.81588936,0.161792725,2.84E-07,0.000270411,5.28E-06,0,0,0,0,1,0,0,0,0,0,3
1,30,95.51667786,0.270040929,0.025574952,0.00085876,90.09502411,93.7693634,95.78879547,0.000168444,0.233252808,11.89590836,0.295902938,0.000324884,30.75598145,0.398653567,99.99967957,86.96475983,0.019959264,0.772081673,0.417976409,4.47E-07,0,0,0,0,1,0,0,0,0,0,3
1,30,95.51667786,0.270040929,0.025574952,0.00085876,90.09502411,93.7693634,95.78879547,0.000168444,0.233252808,11.89590836,0.295902938,0.000324884,30.75598145,0.398653567,99.99967957,86.96475983,0.019959264,0.772081673,0.417976409,4.47E-07,0,0,0,0,1,0,0,0,0,0,3
1,30,94.49819183,0.000129464,0.075250693,0.0043742,1.140163898,96.01123047,3.42E-05,2.384185314,0.003270841,0.015671719,0.073437341,0.000729378,99.80348969,0.002115321,99.99991608,0.032735731,0.003074791,0.000326238,3.5970788,3.50E-11,0,0,0,0,1,0,0,0,0,0,3
1,30,94.49819183,0.000129464,0.075250693,0.0043742,1.140163898,96.01123047,3.42E-05,2.384185314,0.003270841,0.015671719,0.073437341,0.000729378,99.80348969,0.002115321,99.99991608,0.032735731,0.003074791,0.000326238,3.5970788,3.50E-11,0,0,0,0,1,0,0,0,0,0,3
1,30,96.27437592,0.00064004,0.464426577,0.000428747,0.869463384,0.667883217,1.22E-05,0.041489318,0.558318079,0.013684989,0.071640477,0.026658384,1.675574541,0.001636186,99.99647522,0.004116656,0.000846704,9.97E-05,0.149429724,2.84E-11,0,0,0,0,1,0,0,0,0,0,3
1,30,95.39812469,8.85E-05,0.269230545,0.000239124,0.122711226,0.891377211,2.51E-07,2.496144295,0.062726878,0.045437999,0.03130677,0.012076545,11.59962749,0.000271308,99.95278168,0.002662556,0.000818956,1.88E-05,0.107989006,2.95E-11,0,0,0,0,1,0,0,0,0,0,3
1,30,93.01599884,0.001389756,0.248042837,0.000309224,0.203255728,0.012177576,6.22E-06,0.078012213,0.151779115,0.026358793,0.085691541,0.008476366,0.150932088,0.000320465,88.83939362,0.003412097,0.002945433,4.66E-06,0.017849274,3.13E-11,0,0,0,0,1,0,0,0,0,0,3
1,30,94.30311584,0.000433209,0.285409719,5.75E-05,0.113126114,0.001640131,4.41E-06,0.003393357,0.093109652,0.073605627,0.034515448,0.028319214,0.033060566,0.000637013,8.208169937,0.005679954,0.009900138,1.90E-06,0.019825453,1.12E-10,0,0,0,0,1,0,0,0,0,0,3
1,30,98.68968964,5.90E-07,98.72644806,0.016488705,0.000522036,0.000208056,9.48E-08,0.134682089,12.36514282,3.860301971,0.012102759,3.481845617,0.590804935,99.56058502,9.47E-08,0.025036072,4.207624435,7.04E-09,0.525244474,0.001595771,0,0,0,0,1,0,0,0,0,0,3
1,13,95.64289856,1.18E-05,3.555400372,4.79E-05,4.07E-05,1.14E-05,1.24E-09,0.308411598,0.122932158,1.449167848,0.002504615,0.176356956,0.002555087,44.85243988,6.34E-05,0.557246923,0.016298395,1.06E-07,0.001548937,3.71E-08,0,0,0,0,1,0,0,0,0,0,3
1,13,98.08971405,2.77E-05,2.590178251,0.000161499,0.002159954,2.53E-05,5.38E-09,0.043952186,0.274882942,0.802489758,0.005942718,1.710932493,0.001022154,20.00443268,0.000182243,0.175552577,0.011377804,8.54E-07,0.002769296,1.03E-08,0,0,0,0,1,0,0,0,0,0,3
1,13,94.13780212,2.96E-06,5.708330631,0.000115972,0.000668939,0.001054098,9.65E-10,19.82600594,0.063787058,0.536009967,0.001939569,0.057063513,0.041192364,74.19419861,0.006199868,0.300677925,0.007697444,4.21E-08,7.97E-05,4.50E-08,0,0,0,0,1,0,0,0,0,0,3
1,13,98.75376892,4.40E-07,36.66848755,1.30E-05,44.22120285,19.33812904,3.23E-12,1.605384946,9.291099548,3.977708817,0.008479657,0.94451195,3.048312187,98.71625519,8.205330849,0.047612362,0.000334749,8.56E-07,0.005710373,4.84E-06,0,0,0,0,0,1,0,0,0,0,3
1,13,97.66295624,2.05E-05,8.330510139,0.000266888,99.79148865,54.49093628,9.70E-12,0.001871596,35.18899536,2.94308877,0.008108996,1.637290239,0.686364174,99.84854889,1.244045854,0.017528083,0.000539805,5.14E-07,0.34630847,9.58E-05,1,0,0,0,0,0,1,0,1,0,3
1,13,98.75817108,1.62E-06,99.28373718,0.043562099,99.99489594,99.65952301,7.27E-14,1.239040613,38.81468201,0.007605068,0.009610572,96.63652802,78.45411682,81.83426666,51.89116669,0.002549202,0.000416267,3.43E-07,29.19964409,4.46E-09,1,0,0,0,0,0,1,0,1,0,3
1,13,98.20034027,0.000289211,4.432026863,0.004144489,10.98004436,0.026577482,1.37E-11,0.029536828,27.03348732,90.76106262,0.118784443,0.611336112,0.001074241,0.007601312,8.17E-05,97.57394409,0.001832744,0.00600315,1.178127646,0.000589864,0,0,0,0,0,1,0,0,1,0,3
1,13,98.39676666,0.0001756,12.31787491,0.039044194,94.94547272,97.18370056,4.92E-09,0.165448382,2.114146471,0.002362447,0.161386311,0.478209138,2.213957787,0.000416992,89.77298737,0.004067208,0.000633384,0.006203547,1.942505836,1.20E-09,0,0,0,0,0,1,0,0,1,0,3
1,13,97.85190582,0.403781474,0.002149109,0.001136806,33.05840683,99.78112793,1.72E-05,0.002673079,0.321148604,0.277287036,0.913890541,0.050083116,99.87161255,0.036914892,99.99993896,0.00287447,0.002034356,1.44E-06,0.107328236,2.82E-05,0,0,0,0,0,1,0,0,1,0,3
1,13,98.75640106,99.98597717,0.288191259,42.74879456,1.648421764,9.32E-06,1.60521841,0.023118926,7.60E-06,5.433254242,39.80316544,7.60E-05,6.08E-05,18.38705635,0.000133091,7.419151783,99.89559937,7.11E-05,0.000145353,4.78E-06,0,0,0,0,0,1,0,0,1,0,3
0,13,94.64727783,0.000148896,4.224856377,0.003514326,1.026469231,41.08252716,1.37E-12,0.062676236,16.1389122,2.514792204,0.014675727,0.005445747,35.82266617,1.38908267,1.687461734,8.494856834,0.003778825,0.365474671,0.223396093,2.35E-08,0,0,1,0,0,0,0,0,1,0,3
0,13,97.82453156,1.52E-06,54.03515244,7.02E-05,1.090189576,0.966256559,2.75E-11,0.984166086,1.236930728,0.027249087,0.003573672,0.264123082,10.11762905,0.002496166,2.440408707,0.009064624,0.010646033,3.62E-05,0.35343495,8.37E-08,0,0,1,0,0,0,0,0,1,0,3
1,13,97.0429306,1.29E-05,1.558098555,0.006568156,13.19341946,7.297597885,5.92E-07,0.589016974,0.129476011,0.346456617,0.039616957,0.600088477,30.63562775,0.006809422,92.72491455,0.011774841,0.004793015,0.001423633,0.106105424,8.81E-08,0,0,1,0,0,0,0,0,1,0,3
0,4,97.17320251,3.34E-05,8.160746574,0.005807566,47.80911636,25.15657616,2.91E-09,29.83249664,0.126653358,0.013534799,0.022639012,0.45791325,49.60747528,0.000923855,99.91039276,0.015971886,0.004925834,0.378003627,0.323708892,1.39E-09,0,0,1,0,0,0,0,0,1,0,3
0,4,98.19255829,9.57E-06,3.16863513,0.00010821,22.76307297,0.275802135,1.95E-11,0.288546652,0.250089616,0.037071686,0.004755323,0.542390764,0.883770108,0.002008582,91.89876556,0.039206237,0.00113452,0.032880269,0.645190001,3.17E-09,0,0,1,0,0,0,0,0,1,0,3
0,4,98.49391937,6.07E-05,0.442147315,0.058820054,0.027377361,0.014937592,3.83E-06,1.303750515,0.058659319,0.029556716,0.06492009,0.03808625,0.154662639,0.008137642,11.11353493,0.504113138,0.010144239,0.003179221,0.215040088,3.45E-09,0,0,1,0,0,0,0,0,1,0,3
0,4,97.87929535,6.84E-06,0.326936156,0.00064196,1.052929401,0.004033941,6.05E-09,0.562268317,1.308660984,0.986479104,0.029258434,0.121695191,0.008472576,0.559382021,2.555886745,0.274432391,0.004320315,0.005956664,0.040065654,1.69E-07,0,0,1,0,0,0,0,0,1,0,3
0,4,95.75061798,6.83E-05,0.377717704,0.010529122,5.008696079,0.0309333,1.63E-06,0.042964626,0.466966629,0.128254473,0.038157102,0.172502473,0.256092817,0.083766572,4.748473167,0.022949861,0.007136074,0.000758799,0.026434597,5.67E-08,0,0,1,0,0,0,0,0,1,0,3
0,4,97.43679047,1.68E-05,1.349194765,0.000961418,55.12086868,0.40553394,1.88E-10,1.866753578,0.335759938,0.188588753,0.015805613,0.02106869,0.040011093,0.004768684,17.44402695,0.009556225,0.003760212,0.000144832,0.002884101,6.80E-07,0,0,1,0,0,0,0,0,1,0,3
0,4,98.71575165,6.06E-06,0.190703034,0.000725152,2.649967909,0.05152753,4.72E-11,1.360203266,0.157215849,0.614601493,0.003333348,0.000574372,0.070902243,0.016610514,0.227152437,0.287856013,0.007044688,0.00299884,0.000400161,7.98E-05,0,0,1,0,0,0,0,0,1,0,3
0,4,98.57273865,2.48E-05,0.229857564,0.003752041,0.444647938,0.004923185,4.45E-10,1.001555204,0.498285145,18.34148598,0.019577866,0.00175972,6.03E-05,0.059014291,0.068556026,1.77454412,0.003080543,0.000388961,0.000624908,0.000186808,0,0,1,0,0,0,0,0,1,0,3
0,4,98.64104462,0.000353316,43.79008865,0.000461596,0.103874043,0.063201375,9.27E-11,0.24019663,94.91436768,72.63111877,0.006503666,0.001011538,0.015536323,0.315937042,0.011410606,85.50429535,7.21E-05,0.000128855,0.636255264,1.63E-05,0,0,1,0,0,0,0,0,1,0,3
0,4,98.64104462,0.000353316,43.79008865,0.000461596,0.103874043,0.063201375,9.27E-11,0.24019663,94.91436768,72.63111877,0.006503666,0.001011538,0.015536323,0.315937042,0.011410606,85.50429535,7.21E-05,0.000128855,0.636255264,1.63E-05,0,0,1,0,0,0,0,0,1,0,3
0,4,98.73365784,0.000129173,39.30565643,0.000820089,12.82878399,0.049844489,1.44E-12,1.997469544,73.93547058,7.812916279,0.008703838,0.054825656,0.056144264,0.225640506,0.32321313,0.275755405,0.00029958,4.81E-06,0.00661901,3.45E-05,0,0,1,0,0,0,0,0,1,0,3
0,1,98.54265594,7.42E-05,15.97339535,0.000651693,3.54507041,0.036113031,5.91E-12,0.659861803,18.07504463,0.966073215,0.003979858,0.046592493,0.012852875,0.056138325,0.06306617,0.135661051,0.000421175,8.77E-06,0.036764752,2.46E-05,0,0,1,0,0,0,0,0,1,0,3
0,1,98.47041321,4.49E-06,1.388133287,0.001189874,30.99507141,0.18708916,0.000583673,4.65E-05,1.151584387,1.337171316,0.007202609,0.121050663,0.219699398,0.35124895,0.130667835,0.30016306,0.005422428,2.31E-06,0.000769754,1.49E-05,0,0,0,0,0,1,0,0,1,0,3
0,1,97.85449982,6.26E-07,0.166687354,9.32E-05,1.35E-05,0.000349832,1.83E-11,9.020488739,0.027566154,0.000749599,0.003163842,0.00056317,0.00049436,2.137196064,0.007381998,0.029482497,0.001053731,2.87E-07,0.001741651,4.33E-08,0,0,0,0,0,1,0,0,1,0,3
0,1,98.43430328,5.55E-07,0.325041443,1.10E-05,0.000803084,0.000463838,5.11E-10,0.039428614,0.01105301,0.001873305,0.00236807,0.001078874,0.002014946,0.382763505,0.007668103,0.06708046,0.002210745,1.90E-07,7.70E-05,1.57E-06,0,0,0,0,0,1,0,0,1,0,3
0,1,97.79016876,3.12E-06,0.082258895,0.001866618,0.200744376,0.013207535,9.92E-13,0.506708264,0.172520876,0.053345587,0.005278072,0.002048523,0.343072385,0.252717406,3.574027777,0.029188665,0.002445071,6.68E-07,0.00206789,7.10E-06,0,0,0,0,0,1,0,0,1,0,3
0,1,98.4916153,1.59E-05,0.911891341,6.48E-05,9.53810215,0.094624095,1.32E-12,1.001888514,1.88236475,1.329853058,0.002955667,0.014400616,0.127470687,0.118671961,0.061208714,0.071972162,0.000674661,4.69E-06,0.003323447,3.10E-05,0,0,1,0,0,0,0,0,1,0,3
0,1,98.36933899,0.021962374,0.050780911,0.365540504,89.14237976,99.9989624,5.82E-07,0.066560969,0.249836132,0.000155251,3.470328093,0.10937696,99.99876404,0.000550574,96.73583984,0.000110546,0.004314383,0.288160175,0.392265052,1.22E-08,0,0,1,0,0,0,0,0,1,0,3
0,1,98.36933899,0.021962374,0.050780911,0.365540504,89.14237976,99.9989624,5.82E-07,0.066560969,0.249836132,0.000155251,3.470328093,0.10937696,99.99876404,0.000550574,96.73583984,0.000110546,0.004314383,0.288160175,0.392265052,1.22E-08,0,0,1,0,0,0,0,0,1,0,3
0,1,98.36933899,0.021962374,0.050780911,0.365540504,89.14237976,99.9989624,5.82E-07,0.066560969,0.249836132,0.000155251,3.470328093,0.10937696,99.99876404,0.000550574,96.73583984,0.000110546,0.004314383,0.288160175,0.392265052,1.22E-08,0,0,1,0,0,0,0,0,1,0,3
1,1,98.5959549,4.10E-05,14.01907349,9.88E-06,22.2556057,0.022011366,3.27E-12,0.33358416,11.46720886,27.5931778,0.011657691,15.74158859,0.005651151,98.3866806,0.050732721,0.60405302,0.000489625,8.74E-08,0.002414457,8.62E-05,0,0,0,0,1,0,0,0,0,0,3
1,1,96.51273346,1.08E-05,0.113989554,3.36E-06,8.43E-06,2.90E-06,5.55E-11,2.856387138,0.048278827,0.377487212,0.001206465,0.008646196,0.00428533,1.266884446,0.00026561,0.320273757,0.002475723,1.42E-09,2.68E-05,4.28E-08,0,0,0,0,1,0,0,0,0,0,3
1,1,89.2462616,0.000189252,0.314249843,0.003194386,41.68621445,0.01541238,1.56E-08,29.92937851,2.147747993,18.57402802,0.21284686,0.441428602,0.046477605,3.309956551,0.026611099,4.048294544,3.12112689,1.60E-06,0.026570261,7.52E-07,0,0,0,0,1,0,0,0,0,0,3
1,1,95.98326111,0.000214214,0.442126155,0.000168887,1.691110849,0.004348041,5.46E-08,0.357993692,0.503587723,91.89555359,0.071804658,14.1685009,0.033979788,0.08896374,0.263726205,3.217494011,0.108341642,1.01E-07,0.034170248,6.03E-05,0,0,0,0,1,0,0,0,0,0,3
1,1,97.22714233,7.45E-05,0.181387931,0.000522943,0.002811427,0.001095484,6.79E-10,33.37901688,0.287543327,2.480216742,0.034774873,0.038629998,0.016027311,0.422063142,0.002743504,0.38472724,0.030573901,1.53E-08,0.008613361,7.36E-06,0,0,0,0,1,0,0,0,0,0,3
1,1.764705882,95.44882965,0.000488395,0.098321892,0.055450659,0.000581183,0.001182833,6.29E-06,0.103811264,0.102454357,0.216451243,0.392696023,0.020028714,0.022301134,0.26001364,0.002648175,0.062649153,0.216410354,1.35E-08,0.017965982,2.02E-06,0,0,0,0,1,0,0,0,0,0,3
1,1.764705882,95.84008026,3.19E-06,0.82635051,0.001700753,8.04E-06,0.001616232,5.67E-10,0.438028753,0.146873862,0.139313012,0.004573873,0.016021779,0.014540307,1.309666395,0.000320889,0.64355135,0.004327321,6.42E-09,0.000865339,1.64E-10,0,0,0,0,1,0,0,0,0,0,3
1,1.764705882,91.38796997,0.207310915,1.154152989,0.194554746,1.608506203,0.001972162,0.511161447,0.000185908,0.866654634,15.50820637,6.811451912,99.78621674,0.039960373,55.26721573,0.000962851,0.186044648,0.574419439,1.06E-07,1.273027539,5.00E-06,0,0,0,0,1,0,0,0,0,0,3
1,1.764705882,94.13130951,0.42288959,0.744696259,0.42053318,3.3439641,0.017994201,0.000516074,0.000205416,1.265029073,1.978612185,2.401320934,94.98953247,0.007166831,48.54735565,0.001090112,0.045614764,0.153480843,6.04E-08,0.242324919,2.92E-06,0,0,0,0,1,0,0,0,0,0,3
1,1.764705882,94.73410797,3.32E-05,2.608690023,2.07E-05,0.01356352,0.001779088,4.09E-09,0.327715248,0.204161137,0.236077353,0.00670159,0.049675211,0.017470317,0.010974683,0.008932147,0.067700513,0.013859451,4.20E-09,7.89E-05,9.33E-07,0,0,0,0,1,0,0,0,0,0,3
1,1.764705882,91.25444794,0.000498712,1.109672666,0.000996982,0.327616364,0.023519613,1.16E-05,0.02200656,0.182930946,0.196878433,0.034866326,0.032074563,0.026225785,0.017050561,0.216105074,0.051313441,0.287716717,3.62E-08,0.006381813,8.38E-06,0,0,0,0,1,0,0,0,0,0,3
1,1.764705882,97.75177765,0.000193738,0.235242486,0.000281502,0.000226017,0.000350594,1.06E-08,0.017663008,0.125632957,0.117223725,0.021494776,0.017654691,0.023942605,0.086710267,0.000422444,0.029944845,0.013193853,1.37E-08,0.000576633,6.38E-07,0,0,0,0,1,0,0,0,0,0,3
1,1.764705882,93.02015686,1.216060758,0.158707172,2.546526194,0.974271834,0.063751169,0.001857593,0.000821448,1.180560231,1.835855842,33.62581253,97.49319458,1.262156725,55.04252243,0.022486532,0.015818805,0.872040749,1.31E-07,0.065974347,1.74E-05,0,0,0,0,1,0,0,0,0,0,3
1,1.764705882,86.97213745,2.13E-05,0.605154753,0.000218672,0.030800287,0.006505229,1.18E-07,0.231965065,0.042721502,0.06206977,0.005646293,0.045540512,0.026065772,0.036824249,0.045241032,0.071514174,0.167752832,1.96E-08,0.000721333,1.41E-05,0,0,0,0,1,0,0,0,0,0,3
1,1.764705882,85.03699493,0.000489818,0.606723368,0.024718244,0.102817222,0.046978813,2.30E-06,0.208398119,0.106411487,0.059046835,0.01397441,0.038886603,0.311097175,0.017514918,0.58575362,0.028715618,1.787707448,2.59E-08,0.137445435,0.000821774,0,0,0,0,1,0,0,0,0,0,3
1,1.764705882,85.03699493,0.000489818,0.606723368,0.024718244,0.102817222,0.046978813,2.30E-06,0.208398119,0.106411487,0.059046835,0.01397441,0.038886603,0.311097175,0.017514918,0.58575362,0.028715618,1.787707448,2.59E-08,0.137445435,0.000821774,0,0,0,0,1,0,0,0,0,0,3
1,42,93.54029846,6.84E-06,4.234911919,8.02E-05,0.00066927,0.009837988,8.83E-11,0.374781281,0.13520354,0.013314474,0.001879226,0.011725362,0.186965957,0.234851688,0.007413377,0.058068253,0.003155086,1.67E-09,0.000101,1.95E-07,0,0,0,0,1,0,0,0,0,0,3
1,42,93.54029846,6.84E-06,4.234911919,8.02E-05,0.00066927,0.009837988,8.83E-11,0.374781281,0.13520354,0.013314474,0.001879226,0.011725362,0.186965957,0.234851688,0.007413377,0.058068253,0.003155086,1.67E-09,0.000101,1.95E-07,0,0,0,0,1,0,0,0,0,0,3
1,42,97.36283112,2.44E-05,0.24745068,0.000288088,40.00720215,99.98917389,8.82E-12,1.306051016,0.050711788,0.014714793,0.003485672,8.63E-05,88.86821747,0.001996354,46.88263702,0.049131963,0.001431346,0.002460723,0.354459643,7.99E-08,0,0,0,0,1,0,0,0,0,0,3
1,42,97.36283112,2.44E-05,0.24745068,0.000288088,40.00720215,99.98917389,8.82E-12,1.306051016,0.050711788,0.014714793,0.003485672,8.63E-05,88.86821747,0.001996354,46.88263702,0.049131963,0.001431346,0.002460723,0.354459643,7.99E-08,0,0,0,0,1,0,0,0,0,0,3
1,42,98.21712494,6.02E-06,1.1061759,8.76E-05,0.007328566,0.228782088,5.76E-11,0.03135749,0.533873379,2.175082922,0.010419703,0.365745991,2.629995823,2.393893957,0.015218401,0.328416616,0.001240166,5.10E-07,0.003066606,1.41E-06,0,0,0,0,1,0,0,0,0,0,3
1,42,97.77226257,3.73E-06,1.51610136,0.000105843,0.000896355,0.01347208,5.28E-10,0.271018177,0.120920606,0.076357573,0.002614881,0.037744109,0.052053288,0.272764564,0.002869119,0.104412377,0.003936011,9.82E-09,0.000332037,3.29E-08,0,0,0,0,1,0,0,0,0,0,3
1,42,97.48454285,3.09E-05,3.105669737,0.000164649,0.377949029,0.028365368,4.54E-10,1.196999907,0.182248726,0.260764241,0.003689075,0.042820089,0.025866108,0.262771696,0.009428263,0.29866758,0.002964882,5.43E-08,0.000648557,6.10E-08,0,0,0,0,1,0,0,0,0,0,3
1,42,97.14785767,7.88E-06,2.984666824,0.000130807,0.0039603,0.001587408,4.44E-10,0.237445116,0.151174083,0.132103503,0.002570871,0.01527615,0.007171712,0.086529143,0.004548241,0.173932046,0.007518767,3.89E-08,0.000542078,2.95E-08,0,0,0,0,1,0,0,0,0,0,3
1,42,97.14785767,7.88E-06,2.984666824,0.000130807,0.0039603,0.001587408,4.44E-10,0.237445116,0.151174083,0.132103503,0.002570871,0.01527615,0.007171712,0.086529143,0.004548241,0.173932046,0.007518767,3.89E-08,0.000542078,2.95E-08,0,0,0,0,1,0,0,0,0,0,3
1,42,97.19168854,2.75E-05,2.21645689,8.77E-05,0.156155601,0.01269849,1.43E-09,0.352028251,0.366073877,0.440888911,0.002353064,0.009295463,0.019152952,1.402722359,0.009257055,0.233485594,0.001869568,1.54E-07,0.001728764,3.31E-07,0,0,0,0,1,0,0,0,0,0,3
1,42,96.50145721,1.32E-05,1.169229269,0.000171788,0.005555628,0.0611572,1.39E-11,0.555260718,0.179357857,0.57101047,0.001793582,0.005807023,0.110500388,0.150358856,0.023115775,0.161452487,0.003044861,3.53E-07,0.002924355,4.01E-08,0,0,0,0,1,0,0,0,0,0,3
1,42,93.19814301,4.16E-05,1.105973601,0.000457478,0.061122786,1.314367294,5.24E-09,0.632047117,0.181419253,1.483941197,0.008046586,0.013670328,0.050535105,1.295950055,0.085424714,0.357978195,0.004278748,3.58E-07,0.000538049,8.07E-07,0,0,0,0,1,0,0,0,0,0,3
1,42,93.19814301,4.16E-05,1.105973601,0.000457478,0.061122786,1.314367294,5.24E-09,0.632047117,0.181419253,1.483941197,0.008046586,0.013670328,0.050535105,1.295950055,0.085424714,0.357978195,0.004278748,3.58E-07,0.000538049,8.07E-07,0,0,0,0,1,0,0,0,0,0,3
1,27,92.35347748,1.29E-05,0.54702729,0.000151105,0.014914549,0.004608752,2.04E-09,0.117071904,0.079875432,1.088626623,0.001968849,0.003049097,0.002921857,0.135940552,0.00777885,0.145474225,0.00912872,1.29E-08,9.98E-05,9.17E-06,0,0,0,0,1,0,0,0,0,0,3
1,27,97.20804596,3.34E-05,0.029874867,0.000110327,2.41549468,99.99705505,6.77E-09,0.049928442,0.040247142,0.000205017,0.003134465,0.013548242,99.82553101,4.28E-05,99.99991608,0.000145458,4.79E-05,2.69E-07,8.195625305,6.18E-13,0,0,0,0,1,0,0,0,0,0,3
1,27,96.1687088,2.04E-06,0.879189849,4.11E-05,0.001738357,0.169238627,1.83E-09,0.046877693,0.049688254,0.021750813,0.001139054,0.000160303,0.12179625,0.038576707,0.315672994,0.021635687,0.000919244,9.42E-07,0.009031509,1.19E-09,0,0,0,0,1,0,0,0,0,0,3
1,27,96.1687088,2.04E-06,0.879189849,4.11E-05,0.001738357,0.169238627,1.83E-09,0.046877693,0.049688254,0.021750813,0.001139054,0.000160303,0.12179625,0.038576707,0.315672994,0.021635687,0.000919244,9.42E-07,0.009031509,1.19E-09,0,0,0,0,1,0,0,0,0,0,3
1,27,97.33003235,2.43E-05,2.239723921,4.80E-05,0.127826735,0.000388315,9.21E-09,0.083423764,0.271059543,2.53946805,0.002015149,0.024536388,0.005512538,0.147466034,0.00532796,0.102706589,0.00493956,1.74E-08,7.22E-05,1.47E-06,0,0,0,0,1,0,0,0,0,0,3
1,27,91.79720306,1.80E-05,1.652115583,0.002518064,0.003900078,0.002688707,0.00014144,0.419170976,0.081452578,1.517573118,0.010672775,0.003283749,0.004967682,0.582639456,0.029369103,0.17819801,0.027594525,9.17E-08,0.0006174,1.55E-07,0,0,0,0,1,0,0,0,0,0,3
1,27,98.22697449,2.84E-06,0.291132569,2.91E-05,0.04064003,0.089789659,7.04E-11,0.013462782,0.226710856,0.359111547,0.001407256,0.006813365,1.530463576,4.3437047,0.576574922,0.789153278,0.000679352,3.83E-08,0.024590041,1.34E-09,0,0,0,0,1,0,0,0,0,0,3
1,27,98.15795135,1.09E-05,0.447535783,0.002219281,0.01810747,0.012264639,5.98E-09,0.016904173,0.073203824,1.271522999,0.018971689,0.011904573,0.501442671,0.443739116,0.113647744,0.850954115,0.007492392,2.39E-08,0.003319564,1.83E-08,0,0,0,0,1,0,0,0,0,0,3
1,27,98.15795135,1.09E-05,0.447535783,0.002219281,0.01810747,0.012264639,5.98E-09,0.016904173,0.073203824,1.271522999,0.018971689,0.011904573,0.501442671,0.443739116,0.113647744,0.850954115,0.007492392,2.39E-08,0.003319564,1.83E-08,0,0,0,0,1,0,0,0,0,0,3
1,27,98.15795135,1.09E-05,0.447535783,0.002219281,0.01810747,0.012264639,5.98E-09,0.016904173,0.073203824,1.271522999,0.018971689,0.011904573,0.501442671,0.443739116,0.113647744,0.850954115,0.007492392,2.39E-08,0.003319564,1.83E-08,0,0,0,0,1,0,0,0,0,0,3
1,27,98.15795135,1.09E-05,0.447535783,0.002219281,0.01810747,0.012264639,5.98E-09,0.016904173,0.073203824,1.271522999,0.018971689,0.011904573,0.501442671,0.443739116,0.113647744,0.850954115,0.007492392,2.39E-08,0.003319564,1.83E-08,0,0,0,0,1,0,0,0,0,0,3
1,27,95.71304321,5.96E-05,2.124415636,0.000142799,4.942943573,0.005140028,1.84E-09,0.021750916,0.218588203,0.849379241,0.002782776,0.08534579,0.014585285,0.076661929,0.023319522,0.050902668,0.007320045,7.17E-08,0.000151526,0.000197678,0,0,0,0,1,0,0,0,0,0,3
1,29,91.70697021,0.000135817,1.03587234,0.007522252,0.806656837,0.00087312,1.03E-06,0.318617076,0.114034452,0.352703154,0.012567334,0.266341448,0.001241478,19.26771164,0.002854025,0.09140496,0.058866858,9.03E-08,0.000874356,5.62E-05,0,0,0,0,1,0,0,0,0,0,3
1,29,95.61677551,7.84E-06,0.298794836,8.66E-05,0.001293385,0.011213739,9.82E-09,0.018160172,0.076263465,0.086376958,0.002306197,0.006141524,0.537728965,0.361309588,0.021688476,0.395419031,0.002623872,1.96E-08,0.037630968,7.35E-09,0,0,0,0,1,0,0,0,0,0,3
1,29,94.93294525,4.03E-05,0.052135471,8.18E-05,0.000441641,9.76E-05,6.41E-11,0.001240506,0.05803851,0.109486409,0.014075259,0.058075942,0.060775697,0.063718125,0.000181703,0.022862304,0.004506423,3.80E-09,0.018698961,1.21E-05,0,0,0,0,1,0,0,0,0,0,3
1,29,93.30181885,0.000149227,0.748915315,0.025986046,0.196328297,0.013036106,3.01E-06,0.924206316,0.145329461,0.687434971,0.084961466,0.046953786,0.014364836,0.328580379,0.016860468,0.126511827,0.029483201,2.94E-07,0.00062271,0.000257239,0,0,0,0,1,0,0,0,0,0,3
1,29,93.30181885,0.000149227,0.748915315,0.025986046,0.196328297,0.013036106,3.01E-06,0.924206316,0.145329461,0.687434971,0.084961466,0.046953786,0.014364836,0.328580379,0.016860468,0.126511827,0.029483201,2.94E-07,0.00062271,0.000257239,0,0,0,0,1,0,0,0,0,0,3
1,29,93.62243652,1.11E-05,1.025001407,0.004805428,0.115317456,0.030261429,2.11E-08,0.592717409,0.093648896,0.976097047,0.007565805,0.002732756,0.195223361,0.444774419,0.065653771,0.568121552,0.006722744,1.13E-06,0.0042136,1.52E-05,0,0,0,0,1,0,0,0,0,0,3
1,29,93.52085114,5.49E-05,1.582962871,0.000329273,4.571753025,0.012364428,3.89E-07,0.0328793,0.347322494,1.812392831,0.003739874,0.072848521,0.009265108,11.90208149,0.047527183,0.117317498,0.006630123,1.44E-07,0.000390501,0.000198655,0,0,0,0,1,0,0,0,0,0,3
1,29,93.75982666,1.13E-05,2.692041636,8.47E-05,1.128573775,0.006660001,6.89E-08,0.023967911,0.243451163,0.362830967,0.003043514,0.045967188,0.011084093,0.780222595,0.028789964,0.227485195,0.005466987,1.00E-07,0.000159743,8.97E-05,0,0,0,0,1,0,0,0,0,0,3
1,29,93.75982666,1.13E-05,2.692041636,8.47E-05,1.128573775,0.006660001,6.89E-08,0.023967911,0.243451163,0.362830967,0.003043514,0.045967188,0.011084093,0.780222595,0.028789964,0.227485195,0.005466987,1.00E-07,0.000159743,8.97E-05,0,0,0,0,1,0,0,0,0,0,3